Model_Code,A,B,C,D,E,Agriculture,Developed,Water,UN,UE
10080_1_2_3_7,9,5,86,NA,NA,0,0,0,0,0
10090_19,21,68,11,NA,NA,0,0,0,0,0
10110_15,7,35,58,NA,NA,0,0,0,0,0
10110_16_23_24,49,24,6,18,3,0,0,0,0,0
10110_20_29,17,18,25,26,14,0,0,0,0,0
10110_21,9,24,25,27,15,0,0,0,0,0
10110_22,8,34,58,NA,NA,0,0,0,0,0
10110_27,7,35,58,NA,NA,0,0,0,0,0
10110_28,7,35,58,NA,NA,0,0,0,0,0
10110_6_10_12_17_18_19,14,40,45,1,NA,0,0,0,0,0
10110_7,27,18,18,24,13,0,0,0,0,0
10110_9,48,22,13,14,3,0,0,0,0,0
10120_16_27,8,18,74,NA,NA,0,0,0,0,0
10120_17_18_21,8,18,74,NA,NA,0,0,0,0,0
10130_31_38_39_40,18,17,35,30,NA,0,0,0,0,0
10140_4_5,7,47,46,NA,NA,0,0,0,0,0
10150_2_3_4,1,7,92,NA,NA,0,0,0,0,0
10160_13_14,2,7,27,64,NA,0,0,0,0,0
10160_15_28,10,21,25,34,10,0,0,0,0,0
10160_16_23_24_25,9,21,24,38,8,0,0,0,0,0
10160_17,9,21,24,38,8,0,0,0,0,0
10160_22,6,27,67,NA,NA,0,0,0,0,0
10170_6_7_8_9_12_18,2,7,18,43,30,0,0,0,0,0
10180_1_7,4,36,11,11,38,0,0,0,0,0
10190_13_14,2,7,27,64,NA,0,0,0,0,0
10190_15,2,7,27,64,NA,0,0,0,0,0
10190_4,1,5,32,25,37,0,0,0,0,0
10190_6_7_9_12_16_17_18_19,9,12,22,57,NA,0,0,0,0,0
10200_13,14,16,70,NA,NA,0,0,0,0,0
10200_6_9_12_17,19,21,60,NA,NA,0,0,0,0,0
10210_2_3_6_7,19,1,24,53,3,0,0,0,0,0
10220_2_3_6_7,18,2,23,54,3,0,0,0,0,0
10230_14_15_24_25,21,37,25,17,NA,0,0,0,0,0
10240_14_15_24,21,37,25,17,NA,0,0,0,0,0
10240_25_27,7,7,34,52,NA,0,0,0,0,0
10240_26,29,6,65,NA,NA,0,0,0,0,0
10250_14_15_24_25_26,5,57,38,NA,NA,0,0,0,0,0
10260_15,13,8,14,64,1,0,0,0,0,0
10270_2_3_7,11,4,8,63,14,0,0,0,0,0
10270_4_5_6,21,8,26,41,4,0,0,0,0,0
10280_2_3,16,14,18,35,17,0,0,0,0,0
10280_4_6_7_12,19,14,21,27,19,0,0,0,0,0
10290_2_3_4_5_6_7_12,11,4,21,54,10,0,0,0,0,0
10300_2_3_4_5_6_7,12,30,58,NA,NA,0,0,0,0,0
10310_2_3_4_5_6_12,17,6,31,1,45,0,0,0,0,0
10310_7,6,15,17,61,1,0,0,0,0,0
10320_2_3_7,13,19,22,26,20,0,0,0,0,0
10321_6,17,19,17,26,21,0,0,0,0,0
10322_6,8,10,20,45,17,0,0,0,0,0
10330_12,25,22,53,NA,NA,0,0,0,0,0
10330_3_6_7,40,11,49,NA,NA,0,0,0,0,0
10340_4_6_7,23,23,54,NA,NA,0,0,0,0,0
10350_1_2_7,6,10,9,44,31,0,0,0,0,0
10360_1_2,5,9,2,11,73,0,0,0,0,0
10370_1_2_7,6,17,6,16,55,0,0,0,0,0
10380_1_7,94,6,NA,NA,NA,0,0,0,0,0
10390_1_2_3_7,5,14,5,5,71,0,0,0,0,0
10411_1_7,1,5,4,4,86,0,0,0,0,0
10412_1_7,16,19,21,11,33,0,0,0,0,0
10420_1_7,2,11,1,4,82,0,0,0,0,0
10430_5,9,28,63,NA,NA,0,0,0,0,0
10431_2_3_6_7,17,17,19,27,20,0,0,0,0,0
10432_2_3,12,16,15,30,27,0,0,0,0,0
10440_3_6_7,3,8,13,29,47,0,0,0,0,0
10450_1_7_8_9,9,11,39,32,9,0,0,0,0,0
10450_21,31,22,29,13,5,0,0,0,0,0
10451_10_19,16,14,38,27,5,0,0,0,0,0
10451_20,15,12,35,30,8,0,0,0,0,0
10452_10_19,9,14,24,29,24,0,0,0,0,0
10453_10_19,14,17,32,17,20,0,0,0,0,0
10454_20,14,47,17,6,16,0,0,0,0,0
10460_1_7_9,25,22,53,NA,NA,0,0,0,0,0
10460_10_19_20,30,31,12,5,22,0,0,0,0,0
10460_18,20,28,43,9,NA,0,0,0,0,0
10460_21,21,35,12,5,27,0,0,0,0,0
10470_10_19,12,35,6,9,38,0,0,0,0,0
10470_8_9,13,41,12,11,23,0,0,0,0,0
10472_10_19,7,41,7,4,41,0,0,0,0,0
10480_29,9,8,22,30,31,0,0,0,0,0
10490_16_22,33,27,40,NA,NA,0,0,0,0,0
10490_19_20_21_23_28_29,21,31,48,NA,NA,0,0,0,0,0
10500_16_23_28,19,50,31,NA,NA,0,0,0,0,0
10500_18,19,50,31,NA,NA,0,0,0,0,0
10500_22,15,40,45,NA,NA,0,0,0,0,0
10510_15_16_17_22_23_24_25,23,7,12,57,1,0,0,0,0,0
10510_18_21,23,7,12,57,1,0,0,0,0,0
10510_27,14,8,14,61,3,0,0,0,0,0
10510_28,6,3,27,36,28,0,0,0,0,0
10510_29,22,6,12,59,1,0,0,0,0,0
10510_6,22,7,12,58,1,0,0,0,0,0
10520_12,14,28,29,18,11,0,0,0,0,0
10520_13,12,29,15,33,11,0,0,0,0,0
10520_15,14,28,29,18,11,0,0,0,0,0
10520_16_23_24,16,28,28,17,11,0,0,0,0,0
10520_17,14,28,28,18,12,0,0,0,0,0
10520_18,14,28,29,18,11,0,0,0,0,0
10520_21,14,28,29,18,11,0,0,0,0,0
10520_25,14,28,28,18,12,0,0,0,0,0
10520_27,11,25,29,24,11,0,0,0,0,0
10520_28,8,38,25,14,15,0,0,0,0,0
10530_10_19,6,6,20,57,11,0,0,0,0,0
10531_1_7_8_9,13,9,25,47,6,0,0,0,0,0
10532_7_9,15,9,27,46,3,0,0,0,0,0
10540_13_14,13,10,18,58,1,0,0,0,0,0
10540_15_25,10,1,13,74,2,0,0,0,0,0
10540_16_23_24,12,5,10,68,5,0,0,0,0,0
10540_17,13,9,18,58,2,0,0,0,0,0
10540_20,9,2,18,67,4,0,0,0,0,0
10540_22,11,8,24,48,9,0,0,0,0,0
10540_26,10,2,5,74,9,0,0,0,0,0
10540_28,10,15,22,35,18,0,0,0,0,0
10540_29,6,19,13,53,9,0,0,0,0,0
10540_33,10,9,23,40,18,0,0,0,0,0
10541_27,11,3,10,73,3,0,0,0,0,0
10542_27,10,9,23,40,18,0,0,0,0,0
10550_1_8_9,7,17,40,24,12,0,0,0,0,0
10550_10_19,16,44,15,5,20,0,0,0,0,0
10550_15_28,14,19,18,17,32,0,0,0,0,0
10550_16_23_24,22,28,14,36,NA,0,0,0,0,0
10550_17,33,24,7,36,NA,0,0,0,0,0
10550_18,32,24,11,33,NA,0,0,0,0,0
10550_20,13,38,20,29,NA,0,0,0,0,0
10550_21_22,7,33,48,12,NA,0,0,0,0,0
10550_27,13,19,18,17,33,0,0,0,0,0
10550_29,17,34,8,10,31,0,0,0,0,0
10560_1_7_8_9,20,12,38,23,7,0,0,0,0,0
10560_10_19,16,26,20,38,NA,0,0,0,0,0
10560_15_28,13,19,18,17,33,0,0,0,0,0
10560_16_23,22,28,14,36,NA,0,0,0,0,0
10560_18,32,24,11,33,NA,0,0,0,0,0
10560_20,16,30,5,15,34,0,0,0,0,0
10560_21_22,9,19,7,42,23,0,0,0,0,0
10560_29,8,17,3,25,47,0,0,0,0,0
10570_12_16,18,21,61,NA,NA,0,0,0,0,0
10570_18,18,21,61,NA,NA,0,0,0,0,0
10570_23,18,21,61,NA,NA,0,0,0,0,0
10570_28,19,35,46,NA,NA,0,0,0,0,0
10570_29,18,28,54,NA,NA,0,0,0,0,0
10580_12,6,28,6,5,55,0,0,0,0,0
10580_4,8,10,12,62,8,0,0,0,0,0
10580_7,15,47,38,NA,NA,0,0,0,0,0
10581_6,6,28,6,5,55,0,0,0,0,0
10582_6,8,12,16,57,7,0,0,0,0,0
10590_24_28,10,4,19,67,NA,0,0,0,0,0
10590_25,10,18,30,33,9,0,0,0,0,0
10590_26,23,34,1,42,NA,0,0,0,0,0
10590_27_33,12,22,44,22,NA,0,0,0,0,0
10600_1_2_7,10,7,8,66,9,0,0,0,0,0
10610_13,26,51,13,8,2,0,0,0,0,0
10610_15_25,58,21,6,14,1,0,0,0,0,0
10610_18,12,34,27,25,2,0,0,0,0,0
10610_20_29,9,44,34,13,NA,0,0,0,0,0
10610_22_27_28,23,43,7,27,NA,0,0,0,0,0
10610_6,12,59,26,3,NA,0,0,0,0,0
10610_8_9_17,14,38,36,11,1,0,0,0,0,0
10611_16_23_24,58,21,6,14,1,0,0,0,0,0
10612_16_23,13,39,44,4,NA,0,0,0,0,0
10620_10_19_21_29_31,8,14,12,21,45,0,0,0,0,0
10620_13,8,14,12,22,44,0,0,0,0,0
10620_16_23,9,14,15,22,40,0,0,0,0,0
10620_22_28,4,19,13,64,NA,0,0,0,0,0
10620_6_12_17_18,8,14,12,21,45,0,0,0,0,0
10620_7_9,4,12,14,41,29,0,0,0,0,0
10630_1,22,78,NA,NA,NA,0,0,0,0,0
10630_2_7,39,61,NA,NA,NA,0,0,0,0,0
10640_15_16_17_23_24_27_28,9,70,21,NA,NA,0,0,0,0,0
10650_1_8_9_10,4,7,89,NA,NA,0,0,0,0,0
10660_16_23_24,10,90,NA,NA,NA,0,0,0,0,0
10660_22,100,NA,NA,NA,NA,0,0,0,0,0
10660_29,25,75,NA,NA,NA,0,0,0,0,0
10670_6,5,95,NA,NA,NA,0,0,0,0,0
10680_1_7,100,NA,NA,NA,NA,0,0,0,0,0
10700_10_19_28,13,87,NA,NA,NA,0,0,0,0,0
10700_16,13,87,NA,NA,NA,0,0,0,0,0
10700_21,10,90,NA,NA,NA,0,0,0,0,0
10710_6,13,87,NA,NA,NA,0,0,0,0,0
10720_22_29,32,68,NA,NA,NA,0,0,0,0,0
10720_28,16,84,NA,NA,NA,0,0,0,0,0
10740_25_26,17,83,NA,NA,NA,0,0,0,0,0
10750_25,25,34,41,NA,NA,0,0,0,0,0
10750_26,23,47,30,NA,NA,0,0,0,0,0
10760_25,26,74,NA,NA,NA,0,0,0,0,0
10760_26,100,NA,NA,NA,NA,0,0,0,0,0
10770_15,14,86,NA,NA,NA,0,0,0,0,0
10770_25_26,11,89,NA,NA,NA,0,0,0,0,0
10780_15,24,76,NA,NA,NA,0,0,0,0,0
10780_16_23_24_25,6,27,67,NA,NA,0,0,0,0,0
10790_13,18,58,18,6,NA,0,0,0,0,0
10790_6_9_10_12_16_17_18,13,63,16,8,NA,0,0,0,0,0
10800_1_7_8_9,19,52,29,NA,NA,0,0,0,0,0
10800_10_19,24,32,44,NA,NA,0,0,0,0,0
10800_13_14,15,46,27,9,3,0,0,0,0,0
10801_21_22_28,19,36,45,NA,NA,0,0,0,0,0
10802_21_22_28,26,44,30,NA,NA,0,0,0,0,0
10803_6_12_15_16_17_18_23_24_25,13,13,74,NA,NA,0,0,0,0,0
10804_6_12_15_16_17_18_23_24_25,16,16,24,24,20,0,0,0,0,0
10810_15_16_23_24_28,22,47,31,NA,NA,0,0,0,0,0
10810_18_19_21,16,84,NA,NA,NA,0,0,0,0,0
10810_22,25,75,NA,NA,NA,0,0,0,0,0
10810_27_33,4,60,36,NA,NA,0,0,0,0,0
10810_6_12_13_17,4,51,45,NA,NA,0,0,0,0,0
10810_7_8_9,7,42,51,NA,NA,0,0,0,0,0
10820_12_15_16_17_23_24,12,88,NA,NA,NA,0,0,0,0,0
10820_14,22,78,NA,NA,NA,0,0,0,0,0
10820_4_13,26,74,NA,NA,NA,0,0,0,0,0
10820_6,23,77,NA,NA,NA,0,0,0,0,0
10830_1,97,3,NA,NA,NA,0,0,0,0,0
10840_1,100,NA,NA,NA,NA,0,0,0,0,0
10850_20,34,26,40,NA,NA,0,0,0,0,0
10850_29_30,53,29,18,NA,NA,0,0,0,0,0
10860_13_16_17_18_21_23,6,18,70,6,NA,0,0,0,0,0
10860_25,14,16,6,14,50,0,0,0,0,0
10860_26,92,8,NA,NA,NA,0,0,0,0,0
10860_27_31_33,17,21,62,NA,NA,0,0,0,0,0
10860_28,14,16,6,10,54,0,0,0,0,0
10860_29,5,9,86,NA,NA,0,0,0,0,0
10861_22,6,21,73,NA,NA,0,0,0,0,0
10862_22,5,9,86,NA,NA,0,0,0,0,0
10870_4_6_12_13_14_15_17_24_25,15,85,NA,NA,NA,0,0,0,0,0
10880_12_13_14_25,13,87,NA,NA,NA,0,0,0,0,0
10880_4_5,13,87,NA,NA,NA,0,0,0,0,0
10900_14,16,84,NA,NA,NA,0,0,0,0,0
10910_13_14,4,13,83,NA,NA,0,0,0,0,0
10910_15,14,86,NA,NA,NA,0,0,0,0,0
10910_25,32,68,NA,NA,NA,0,0,0,0,0
10920_4,3,12,85,NA,NA,0,0,0,0,0
10930_13_15_16_23_24_28,23,76,1,NA,NA,0,0,0,0,0
10940_25,8,92,NA,NA,NA,0,0,0,0,0
10940_26,8,92,NA,NA,NA,0,0,0,0,0
10940_27_33,5,39,56,NA,NA,0,0,0,0,0
10940_31_38,5,38,57,NA,NA,0,0,0,0,0
10940_32_35,23,77,NA,NA,NA,0,0,0,0,0
10940_34,28,72,NA,NA,NA,0,0,0,0,0
10950_14,20,64,10,6,NA,0,0,0,0,0
10950_15,20,65,9,6,NA,0,0,0,0,0
10950_25,20,65,9,6,NA,0,0,0,0,0
10950_26_35,12,66,16,6,NA,0,0,0,0,0
10950_27,12,66,16,6,NA,0,0,0,0,0
10960_3,8,50,31,11,NA,0,0,0,0,0
10960_4,7,46,47,NA,NA,0,0,0,0,0
10970_3_6_7,14,86,NA,NA,NA,0,0,0,0,0
10970_4_5,10,90,NA,NA,NA,0,0,0,0,0
10980_3,26,29,45,NA,NA,0,0,0,0,0
10980_4,36,37,27,NA,NA,0,0,0,0,0
10980_6,27,29,44,NA,NA,0,0,0,0,0
10980_7,26,22,10,42,NA,0,0,0,0,0
10990_3,18,82,NA,NA,NA,0,0,0,0,0
10990_4,18,82,NA,NA,NA,0,0,0,0,0
11000_15,15,85,NA,NA,NA,0,0,0,0,0
11000_26,100,NA,NA,NA,NA,0,0,0,0,0
11002_25,26,74,NA,NA,NA,0,0,0,0,0
11003_25,17,83,NA,NA,NA,0,0,0,0,0
11010_25,10,30,60,NA,NA,0,0,0,0,0
11010_26,10,30,60,NA,NA,0,0,0,0,0
11020_13_15_16_23_24,3,5,13,36,43,0,0,0,0,0
11020_28,10,21,24,35,10,0,0,0,0,0
11030_6_7_12_13_16_17_23,17,83,NA,NA,NA,0,0,0,0,0
11040_13_14_25,11,89,NA,NA,NA,0,0,0,0,0
11040_15,3,6,18,73,NA,0,0,0,0,0
11040_17,17,83,NA,NA,NA,0,0,0,0,0
11040_23_24,25,46,5,3,21,0,0,0,0,0
11050_3_6_7,13,87,NA,NA,NA,0,0,0,0,0
11050_4_5,19,81,NA,NA,NA,0,0,0,0,0
11060_1_8_9,3,28,69,NA,NA,0,0,0,0,0
11060_10_19,9,46,45,NA,NA,0,0,0,0,0
11060_18,1,99,NA,NA,NA,0,0,0,0,0
11060_20_21_29,11,47,42,NA,NA,0,0,0,0,0
11060_22,11,53,36,NA,NA,0,0,0,0,0
11070_13,7,33,60,NA,NA,0,0,0,0,0
11070_15,8,46,17,29,NA,0,0,0,0,0
11070_17,7,33,60,NA,NA,0,0,0,0,0
11070_23_24,8,46,13,33,NA,0,0,0,0,0
11070_25_28,8,46,17,29,NA,0,0,0,0,0
11070_27_33,8,38,54,NA,NA,0,0,0,0,0
11071_16,12,34,54,NA,NA,0,0,0,0,0
11072_16,7,33,60,NA,NA,0,0,0,0,0
11080_17,63,37,NA,NA,NA,0,0,0,0,0
11080_4_5_13_14_15_24_25,21,79,NA,NA,NA,0,0,0,0,0
11090_14,6,19,75,NA,NA,0,0,0,0,0
11090_15_25,6,19,75,NA,NA,0,0,0,0,0
11090_4_13,5,19,76,NA,NA,0,0,0,0,0
11100_4,19,81,NA,NA,NA,0,0,0,0,0
11110_26,23,5,72,NA,NA,0,0,0,0,0
11110_27_33,14,4,82,NA,NA,0,0,0,0,0
11110_32_35,23,23,46,8,NA,0,0,0,0,0
11110_34,23,5,72,NA,NA,0,0,0,0,0
11120_4_5,5,63,32,NA,NA,0,0,0,0,0
11130_3,11,19,70,NA,NA,0,0,0,0,0
11130_4,11,19,70,NA,NA,0,0,0,0,0
11140_3_6_7,18,28,45,9,NA,0,0,0,0,0
11140_4_5,15,27,25,17,16,0,0,0,0,0
11150_10_19,3,2,6,23,66,0,0,0,0,0
11150_13,2,2,7,23,66,0,0,0,0,0
11150_14,2,2,6,23,67,0,0,0,0,0
11150_15_16_23_24,3,5,13,36,43,0,0,0,0,0
11150_17,2,2,7,23,66,0,0,0,0,0
11150_21_22,6,13,36,45,NA,0,0,0,0,0
11150_28,3,5,13,36,43,0,0,0,0,0
11160_15_25,5,57,38,NA,NA,0,0,0,0,0
11160_24,6,44,50,NA,NA,0,0,0,0,0
11160_26,25,42,2,31,NA,0,0,0,0,0
11170_13_15_28,11,2,23,60,4,0,0,0,0,0
11170_16_23_24,5,8,11,75,1,0,0,0,0,0
11170_20,1,10,19,67,3,0,0,0,0,0
11170_29,5,2,8,80,5,0,0,0,0,0
11170_33,9,19,4,64,4,0,0,0,0,0
11171_27,4,13,83,NA,NA,0,0,0,0,0
11172_27,9,19,4,64,4,0,0,0,0,0
11180_4,11,24,49,16,NA,0,0,0,0,0
11190_24_25,8,2,8,6,76,0,0,0,0,0
11190_26,23,34,1,42,NA,0,0,0,0,0
11190_27,8,13,9,8,62,0,0,0,0,0
11190_28,8,2,9,6,75,0,0,0,0,0
11190_34,15,23,62,NA,NA,0,0,0,0,0
11200_1_2_7,9,2,20,68,1,0,0,0,0,0
11210_14,20,64,10,6,NA,0,0,0,0,0
11210_15,20,65,10,5,NA,0,0,0,0,0
11210_24,21,65,10,4,NA,0,0,0,0,0
11210_25,18,34,48,NA,NA,0,0,0,0,0
11210_26,33,66,1,NA,NA,0,0,0,0,0
11210_27,20,72,8,NA,NA,0,0,0,0,0
11220_25,23,77,NA,NA,NA,0,0,0,0,0
11220_26,38,62,NA,NA,NA,0,0,0,0,0
11220_27,100,NA,NA,NA,NA,0,0,0,0,0
11230_1_7_8_9,3,81,16,NA,NA,0,0,0,0,0
11230_10_18,67,33,NA,NA,NA,0,0,0,0,0
11240_1_7_8_9,26,14,60,NA,NA,0,0,0,0,0
11240_10_12_17_18_19_21,11,52,37,NA,NA,0,0,0,0,0
11250_1_7_8_9_10_19,18,26,22,34,NA,0,0,0,0,0
11250_20_29_30_31_33,35,39,26,NA,NA,0,0,0,0,0
11250_6_12_13_15_16_17_18_23_24_25_28,25,49,26,NA,NA,0,0,0,0,0
11260_1_7_8_9_10_19,10,23,20,47,NA,0,0,0,0,0
11260_13,21,48,13,11,7,0,0,0,0,0
11260_20_29_33,23,51,26,NA,NA,0,0,0,0,0
11260_21,23,47,30,NA,NA,0,0,0,0,0
11260_22,13,9,26,52,NA,0,0,0,0,0
11260_6_12_17_18_28,21,48,13,11,7,0,0,0,0,0
11261_16_23_24,21,48,13,11,7,0,0,0,0,0
11262_16_23,10,33,57,NA,NA,0,0,0,0,0
11270_10_12_13_17_18,29,71,NA,NA,NA,0,0,0,0,0
11270_14,29,71,NA,NA,NA,0,0,0,0,0
11270_15,8,49,43,NA,NA,0,0,0,0,0
11270_16_23_24_25,10,51,39,NA,NA,0,0,0,0,0
11270_21,20,80,NA,NA,NA,0,0,0,0,0
11270_22,25,75,NA,NA,NA,0,0,0,0,0
11270_28,8,48,44,NA,NA,0,0,0,0,0
11270_7_8_9,15,15,70,NA,NA,0,0,0,0,0
11280_2_3_4,5,15,80,NA,NA,0,0,0,0,0
11290_4_5,66,34,NA,NA,NA,0,0,0,0,0
11300_3_4,88,12,NA,NA,NA,0,0,0,0,0
11310_2_3_4,51,41,8,NA,NA,0,0,0,0,0
11320_31_38,30,67,3,NA,NA,0,0,0,0,0
11320_32_34_35,39,37,24,NA,NA,0,0,0,0,0
11320_33,6,91,3,NA,NA,0,0,0,0,0
11330_25,43,57,NA,NA,NA,0,0,0,0,0
11340_10,29,71,NA,NA,NA,0,0,0,0,0
11340_8_9,5,67,28,NA,NA,0,0,0,0,0
11350_13_14,31,69,NA,NA,NA,0,0,0,0,0
11350_15_28,4,74,20,2,NA,0,0,0,0,0
11350_16_23_24,4,72,22,2,NA,0,0,0,0,0
11350_22,4,74,20,2,NA,0,0,0,0,0
11350_25,4,74,18,4,NA,0,0,0,0,0
11350_7_8_9_10_12_17_18,18,82,NA,NA,NA,0,0,0,0,0
11360_6,3,97,NA,NA,NA,0,0,0,0,0
11370_3_6,5,47,48,NA,NA,0,0,0,0,0
11380_1,2,98,NA,NA,NA,0,0,0,0,0
11380_3_5,21,79,NA,NA,NA,0,0,0,0,0
11380_6,30,70,NA,NA,NA,0,0,0,0,0
11390_10_19,6,27,67,NA,NA,0,0,0,0,0
11390_18,8,59,33,NA,NA,0,0,0,0,0
11390_20,14,86,NA,NA,NA,0,0,0,0,0
11390_21,3,65,32,NA,NA,0,0,0,0,0
11390_22,2,40,58,NA,NA,0,0,0,0,0
11390_29,8,92,NA,NA,NA,0,0,0,0,0
11390_8_9,3,84,13,NA,NA,0,0,0,0,0
11400_10_19,3,97,NA,NA,NA,0,0,0,0,0
11400_20,5,95,NA,NA,NA,0,0,0,0,0
11400_21,1,99,NA,NA,NA,0,0,0,0,0
11400_29,5,95,NA,NA,NA,0,0,0,0,0
11400_9,80,20,NA,NA,NA,0,0,0,0,0
11410_20,70,7,23,NA,NA,0,0,0,0,0
11410_29_30,26,74,NA,NA,NA,0,0,0,0,0
11410_31,25,69,6,NA,NA,0,0,0,0,0
11410_39,25,69,6,NA,NA,0,0,0,0,0
11410_40,25,69,6,NA,NA,0,0,0,0,0
11420_8,15,78,5,2,NA,0,0,0,0,0
11420_9_10,15,85,NA,NA,NA,0,0,0,0,0
11430_9_19_21_28,5,95,NA,NA,NA,0,0,0,0,0
11440_12_16_19_28,3,97,NA,NA,NA,0,0,0,0,0
11440_21_22,3,97,NA,NA,NA,0,0,0,0,0
11450_13,5,47,48,NA,NA,0,0,0,0,0
11450_16,5,47,48,NA,NA,0,0,0,0,0
11450_17,5,38,57,NA,NA,0,0,0,0,0
11450_20,2,21,77,NA,NA,0,0,0,0,0
11450_21,5,38,57,NA,NA,0,0,0,0,0
11450_22_24_28,5,47,48,NA,NA,0,0,0,0,0
11450_29,2,98,NA,NA,NA,0,0,0,0,0
11450_9_10_19,5,47,48,NA,NA,0,0,0,0,0
11460_15_16_23_24_25_28,19,33,48,NA,NA,0,0,0,0,0
11460_26,100,NA,NA,NA,NA,0,0,0,0,0
11460_27,16,84,NA,NA,NA,0,0,0,0,0
11470_27_33,29,71,NA,NA,NA,0,0,0,0,0
11470_28,4,23,73,NA,NA,0,0,0,0,0
11480_20_29_30,18,82,NA,NA,NA,0,0,0,0,0
11480_31_38,2,77,21,NA,NA,0,0,0,0,0
11480_32,23,74,3,NA,NA,0,0,0,0,0
11480_34_35,23,69,8,NA,NA,0,0,0,0,0
11490_25,12,80,8,NA,NA,0,0,0,0,0
11490_26,55,35,3,7,NA,0,0,0,0,0
11490_27_38,22,57,21,NA,NA,0,0,0,0,0
11490_28,6,25,57,12,NA,0,0,0,0,0
11490_29,16,62,22,NA,NA,0,0,0,0,0
11490_31_33,16,62,22,NA,NA,0,0,0,0,0
11490_34_35,29,71,NA,NA,NA,0,0,0,0,0
11500_31_39_40,39,53,8,NA,NA,0,0,0,0,0
11500_38,54,40,6,NA,NA,0,0,0,0,0
11510_4_5,14,49,37,NA,NA,0,0,0,0,0
11520_2_3_7,16,42,42,NA,NA,0,0,0,0,0
11520_4_5,23,54,23,NA,NA,0,0,0,0,0
11520_6,19,60,21,NA,NA,0,0,0,0,0
11530_16_23_24_25_27,3,29,68,NA,NA,0,0,0,0,0
11530_20_22_29_30,3,97,NA,NA,NA,0,0,0,0,0
11530_28,3,29,68,NA,NA,0,0,0,0,0
11530_6_10_12_13_17_18_19_21,3,97,NA,NA,NA,0,0,0,0,0
11530_7_8_9,3,11,86,NA,NA,0,0,0,0,0
11540_1_7_8_9,27,63,10,NA,NA,0,0,0,0,0
11540_10_19,48,43,9,NA,NA,0,0,0,0,0
11540_13,26,53,21,NA,NA,0,0,0,0,0
11540_18,48,43,9,NA,NA,0,0,0,0,0
11540_6_12_16_17,22,51,27,NA,NA,0,0,0,0,0
11550_13_14,15,21,10,33,21,0,0,0,0,0
11550_15,20,24,35,21,NA,0,0,0,0,0
11550_25,11,89,NA,NA,NA,0,0,0,0,0
11550_26_35,25,48,27,NA,NA,0,0,0,0,0
11550_4,15,21,10,32,22,0,0,0,0,0
11552_13_14_15,18,28,54,NA,NA,0,0,0,0,0
11560_1_2_7,16,18,19,47,NA,0,0,0,0,0
11570_1_2,13,69,18,NA,NA,0,0,0,0,0
11581_1_2_7,12,73,15,NA,NA,0,0,0,0,0
11582_1_2_7,12,74,14,NA,NA,0,0,0,0,0
11590_10_19,28,52,20,NA,NA,0,0,0,0,0
11590_12_17,22,51,27,NA,NA,0,0,0,0,0
11590_13,27,52,21,NA,NA,0,0,0,0,0
11590_15,26,58,16,NA,NA,0,0,0,0,0
11590_16_23_24_26,63,37,NA,NA,NA,0,0,0,0,0
11590_18,48,43,9,NA,NA,0,0,0,0,0
11590_20,12,44,44,NA,NA,0,0,0,0,0
11590_21,5,27,68,NA,NA,0,0,0,0,0
11590_22,63,37,NA,NA,NA,0,0,0,0,0
11590_25,63,37,NA,NA,NA,0,0,0,0,0
11590_27_33,63,37,NA,NA,NA,0,0,0,0,0
11590_28,63,37,NA,NA,NA,0,0,0,0,0
11590_29,15,58,27,NA,NA,0,0,0,0,0
11590_8_9,28,52,20,NA,NA,0,0,0,0,0
11600_10_19,49,51,NA,NA,NA,0,0,0,0,0
11600_12_17,63,37,NA,NA,NA,0,0,0,0,0
11600_15_28,63,37,NA,NA,NA,0,0,0,0,0
11600_16,63,37,NA,NA,NA,0,0,0,0,0
11600_18,44,46,10,NA,NA,0,0,0,0,0
11600_20_29,54,46,NA,NA,NA,0,0,0,0,0
11600_21,5,95,NA,NA,NA,0,0,0,0,0
11600_23,63,37,NA,NA,NA,0,0,0,0,0
11600_8_9,48,52,NA,NA,NA,0,0,0,0,0
11610_21,27,50,23,NA,NA,0,0,0,0,0
11610_9_10_19,10,23,67,NA,NA,0,0,0,0,0
11620_20,5,11,28,27,29,0,0,0,0,0
11620_22,4,11,18,49,18,0,0,0,0,0
11620_27_33,45,20,35,NA,NA,0,0,0,0,0
11620_29_30,15,27,25,6,27,0,0,0,0,0
11620_31_39_40,14,28,36,11,11,0,0,0,0,0
11620_32_35,27,73,NA,NA,NA,0,0,0,0,0
11620_34,43,28,29,NA,NA,0,0,0,0,0
11620_38,14,28,36,11,11,0,0,0,0,0
11630_3_4_5,6,90,4,NA,NA,0,0,0,0,0
11650_1_7_8,25,16,59,NA,NA,0,0,0,0,0
11650_9,10,2,6,82,NA,0,0,0,0,0
11660_21,7,12,14,47,20,0,0,0,0,0
11660_22,14,14,19,39,14,0,0,0,0,0
11660_29,8,3,25,54,10,0,0,0,0,0
11660_9_10_19,20,17,34,20,9,0,0,0,0,0
11662_19,10,2,6,82,NA,0,0,0,0,0
11670_1_7_9,29,34,37,NA,NA,0,0,0,0,0
11670_10_19,12,24,14,50,NA,0,0,0,0,0
11670_21,15,19,46,20,NA,0,0,0,0,0
11700_2_3_7,14,31,55,NA,NA,0,0,0,0,0
11710_1,1,99,NA,NA,NA,0,0,0,0,0
11710_7,2,98,NA,NA,NA,0,0,0,0,0
11720_7,14,24,28,23,11,0,0,0,0,0
11730_1_7,13,87,NA,NA,NA,0,0,0,0,0
11740_1_7,13,21,3,8,55,0,0,0,0,0
11770_3,21,54,25,NA,NA,0,0,0,0,0
11770_4,24,39,37,NA,NA,0,0,0,0,0
11780_1_2_7,5,48,47,NA,NA,0,0,0,0,0
11790_31,10,79,11,NA,NA,0,0,0,0,0
11791_29_30,6,19,13,53,9,0,0,0,0,0
11792_29_30,5,2,8,80,5,0,0,0,0,0
13010_40,32,29,18,21,NA,0,0,0,0,0
13020_40,2,4,14,78,2,0,0,0,0,0
13020_63,2,4,14,76,4,0,0,0,0,0
13020_64,2,4,14,76,4,0,0,0,0,0
13020_65_66,4,5,18,66,7,0,0,0,0,0
13022_41_50_51,2,4,14,76,4,0,0,0,0,0
13023_51,4,7,16,69,4,0,0,0,0,0
13030_60,21,34,30,10,5,0,0,0,0,0
13030_61_63_64_65_66,4,22,49,18,7,0,0,0,0,0
13030_62,4,15,57,21,3,0,0,0,0,0
13040_32_43_44_49,7,21,22,33,17,0,0,0,0,0
13050_47_48,39,2,36,20,3,0,0,0,0,0
13050_49,4,10,49,35,2,0,0,0,0,0
13050_53,59,6,27,5,3,0,0,0,0,0
13060_47_48,6,16,27,33,18,0,0,0,0,0
13070_46_47_48,6,16,27,34,17,0,0,0,0,0
13080_32_35,15,21,29,25,10,0,0,0,0,0
13080_38_43_44,15,21,29,25,10,0,0,0,0,0
13090_53_57,6,21,1,4,68,0,0,0,0,0
13100_38_42_43,3,12,20,56,9,0,0,0,0,0
13100_39,3,14,35,42,6,0,0,0,0,0
13100_41_62,5,18,27,45,5,0,0,0,0,0
13100_44_50,3,12,20,57,8,0,0,0,0,0
13100_47,2,7,27,61,3,0,0,0,0,0
13100_49,5,12,13,65,5,0,0,0,0,0
13100_51,3,7,27,61,2,0,0,0,0,0
13100_52,6,12,13,64,5,0,0,0,0,0
13110_39,5,32,47,10,6,0,0,0,0,0
13110_42_43,3,8,51,34,4,0,0,0,0,0
13110_44,4,25,36,30,5,0,0,0,0,0
13110_49,3,8,38,47,4,0,0,0,0,0
13110_50,4,26,36,29,5,0,0,0,0,0
13110_51,3,9,50,34,4,0,0,0,0,0
13110_52,3,8,38,48,3,0,0,0,0,0
13120_44,10,17,27,44,2,0,0,0,0,0
13130_47_50_51,8,9,14,69,NA,0,0,0,0,0
13130_49_52_62,8,8,14,70,NA,0,0,0,0,0
13140_38_39_40_41_42_43_44_50,8,9,14,69,NA,0,0,0,0,0
13140_49,8,8,14,70,NA,0,0,0,0,0
13150_48_53_57_59_61,5,25,36,25,9,0,0,0,0,0
13160_54_57_59_61,6,11,22,22,39,0,0,0,0,0
13160_60,6,11,22,22,39,0,0,0,0,0
13170_48_53,17,1,13,6,63,0,0,0,0,0
13170_57_61,16,11,20,26,27,0,0,0,0,0
13170_62,6,9,48,37,NA,0,0,0,0,0
13180_48_53,5,31,10,54,NA,0,0,0,0,0
13180_57_59_61,5,26,2,4,63,0,0,0,0,0
13200_48_57_61,13,16,11,18,42,0,0,0,0,0
13210_47_48_53_57,2,11,32,55,NA,0,0,0,0,0
13210_49,3,35,62,NA,NA,0,0,0,0,0
13210_61_63,2,8,5,3,82,0,0,0,0,0
13210_62,3,34,63,NA,NA,0,0,0,0,0
13220_45,9,19,16,56,NA,0,0,0,0,0
13230_32_36_37_44_45_98,4,23,12,24,37,0,0,0,0,0
13240_60_65_66,9,9,12,53,17,0,0,0,0,0
13250_46_47_48,8,30,6,15,41,0,0,0,0,0
13260_47,15,14,20,38,13,0,0,0,0,0
13260_49,14,16,57,13,NA,0,0,0,0,0
13270_45_46_47,10,37,2,2,49,0,0,0,0,0
13280_46_99,11,18,37,22,12,0,0,0,0,0
13290_45_46_99,13,42,7,4,34,0,0,0,0,0
13300_46_48_54_55_56_99,11,18,37,22,12,0,0,0,0,0
13310_39_40_41,16,57,27,NA,NA,0,0,0,0,0
13330_56,4,7,4,3,82,0,0,0,0,0
13340_32_43_44,8,24,68,NA,NA,0,0,0,0,0
13350_55_58_60,11,18,36,22,13,0,0,0,0,0
13360_56,5,13,38,19,25,0,0,0,0,0
13370_56,5,13,40,19,23,0,0,0,0,0
13380_36,26,74,NA,NA,NA,0,0,0,0,0
13390_36_37_98,14,2,84,NA,NA,0,0,0,0,0
13400_61,60,25,15,NA,NA,0,0,0,0,0
13420_59,8,13,30,44,5,0,0,0,0,0
13430_54_55,8,30,6,15,41,0,0,0,0,0
13430_58_60,10,37,16,9,28,0,0,0,0,0
13440_41,2,22,3,51,22,0,0,0,0,0
13440_66,15,19,18,18,30,0,0,0,0,0
13441_51,35,15,31,19,NA,0,0,0,0,0
13442_51,31,34,25,10,NA,0,0,0,0,0
13460_54_55_58,13,5,40,40,2,0,0,0,0,0
13470_55_58_60,13,5,40,40,2,0,0,0,0,0
13480_37_45_98,7,4,16,67,6,0,0,0,0,0
13490_46_48_54_55_99,14,9,31,37,9,0,0,0,0,0
13500_57,12,24,1,3,60,0,0,0,0,0
13500_61,17,14,11,58,NA,0,0,0,0,0
13510_48_54_59,8,1,26,63,2,0,0,0,0,0
13520_53_54_57_59_60_61,13,3,24,54,6,0,0,0,0,0
13530_46_48_53_54_57_59_60_61,11,13,28,35,13,0,0,0,0,0
13530_47,15,3,36,43,3,0,0,0,0,0
13540_64_66,5,24,39,27,5,0,0,0,0,0
13550_60_65,6,24,39,26,5,0,0,0,0,0
13560_55_56_99,13,1,38,46,2,0,0,0,0,0
13570_46_47_55_58_99,8,30,6,15,41,0,0,0,0,0
13580_35_36,12,5,7,54,22,0,0,0,0,0
13600_56,14,9,22,47,8,0,0,0,0,0
13610_58_60,7,22,7,13,51,0,0,0,0,0
13620_41_50,14,10,7,8,61,0,0,0,0,0
13620_51_63_64_65_66,13,13,48,26,NA,0,0,0,0,0
13622_41_50,17,18,16,18,31,0,0,0,0,0
13630_47_53,17,30,36,14,3,0,0,0,0,0
13640_32_44_49,10,17,27,44,2,0,0,0,0,0
13651_40_41_50,12,5,15,68,NA,0,0,0,0,0
13651_51,7,22,7,64,NA,0,0,0,0,0
13652_41,3,6,4,87,NA,0,0,0,0,0
13652_51,4,13,4,79,NA,0,0,0,0,0
13653_41,24,27,22,20,7,0,0,0,0,0
13660_50,3,16,39,42,NA,0,0,0,0,0
13660_51_63_64_65_66,3,16,39,42,NA,0,0,0,0,0
13670_32_44,7,7,23,45,18,0,0,0,0,0
13680_46_48_54_57_59_60_61,8,16,24,40,12,0,0,0,0,0
13690_60_61_63_64_65_66,11,15,12,42,20,0,0,0,0,0
13700_53_61_62,9,14,9,68,NA,0,0,0,0,0
13700_60_63_64_65_66,9,14,9,68,NA,0,0,0,0,0
13710_32_36_37_45_98,10,10,22,54,4,0,0,0,0,0
13710_44,10,10,23,53,4,0,0,0,0,0
13720_46_99,12,21,46,14,7,0,0,0,0,0
13730_63_64,4,4,4,5,83,0,0,0,0,0
13730_65_66,6,6,7,5,76,0,0,0,0,0
13740_64_65_66,8,7,7,8,70,0,0,0,0,0
13750_60,4,8,52,33,3,0,0,0,0,0
13760_48_53_57_61,8,5,22,50,15,0,0,0,0,0
13770_60_61_63_64_65_66,3,7,74,16,NA,0,0,0,0,0
13780_37_44,11,3,18,63,5,0,0,0,0,0
13790_60_65,8,15,24,49,4,0,0,0,0,0
13800_55_99,7,60,3,1,29,0,0,0,0,0
13810_45,5,7,13,65,10,0,0,0,0,0
13820_55_58,21,12,32,17,18,0,0,0,0,0
13830_32_35_36,29,15,15,35,6,0,0,0,0,0
13840_98,22,8,47,19,4,0,0,0,0,0
13850_20,20,15,65,NA,NA,0,0,0,0,0
13850_29_30,17,15,68,NA,NA,0,0,0,0,0
13850_31_39_40_42,16,29,55,NA,NA,0,0,0,0,0
13860_66,14,86,NA,NA,NA,0,0,0,0,0
13870_55_56,15,52,15,9,9,0,0,0,0,0
13890_64_66,11,10,23,56,NA,0,0,0,0,0
13900_35_36,26,32,42,NA,NA,0,0,0,0,0
13920_35,100,NA,NA,NA,NA,0,0,0,0,0
13920_36,100,NA,NA,NA,NA,0,0,0,0,0
13930_26_34,20,34,46,NA,NA,0,0,0,0,0
13930_32_35,14,24,62,NA,NA,0,0,0,0,0
13940_39_40_41,22,62,14,2,NA,0,0,0,0,0
13940_42,22,63,13,2,NA,0,0,0,0,0
13940_44_49,20,56,12,12,NA,0,0,0,0,0
13940_50_51,7,16,64,12,1,0,0,0,0,0
13940_52,21,56,12,11,NA,0,0,0,0,0
13950_41_42_43_49_52,32,63,3,2,NA,0,0,0,0,0
13950_50,8,26,61,3,2,0,0,0,0,0
13950_51,9,20,66,4,1,0,0,0,0,0
13970_48,34,6,18,41,1,0,0,0,0,0
14000_60_61,53,27,7,13,NA,0,0,0,0,0
14000_63,52,27,7,14,NA,0,0,0,0,0
14000_64,53,27,7,13,NA,0,0,0,0,0
14010_43_44_47_48_53,58,7,23,10,2,0,0,0,0,0
14010_49,58,7,24,10,1,0,0,0,0,0
14071_41_50_51,9,1,26,62,2,0,0,0,0,0
14072_41_50_51,14,23,49,14,NA,0,0,0,0,0
14080_48,58,7,23,10,2,0,0,0,0,0
14090_50_64,45,40,15,NA,NA,0,0,0,0,0
14100_35,29,7,64,NA,NA,0,0,0,0,0
14110_49_51_52,46,27,27,NA,NA,0,0,0,0,0
14120_39_40_41_42_43_50_51,80,16,4,NA,NA,0,0,0,0,0
14120_49,80,16,4,NA,NA,0,0,0,0,0
14120_52,81,16,3,NA,NA,0,0,0,0,0
14130_47,13,23,28,24,12,0,0,0,0,0
14140_57,6,12,8,8,66,0,0,0,0,0
14151_44,82,1,17,NA,NA,0,0,0,0,0
14152_44,19,16,36,23,6,0,0,0,0,0
14160_48,26,10,11,39,14,0,0,0,0,0
14170_48,42,8,11,31,8,0,0,0,0,0
14180_47,72,4,20,4,NA,0,0,0,0,0
14200_39_40_42,31,59,8,2,NA,0,0,0,0,0
14200_41,40,58,2,NA,NA,0,0,0,0,0
14210_31_38_42_43_44_50_51,40,58,2,NA,NA,0,0,0,0,0
14210_49_52,40,58,2,NA,NA,0,0,0,0,0
14220_32_35_36_37,91,3,6,NA,NA,0,0,0,0,0
14230_32_35,96,3,1,NA,NA,0,0,0,0,0
14230_38,96,3,1,NA,NA,0,0,0,0,0
14230_43_44,96,3,1,NA,NA,0,0,0,0,0
14250_56,73,25,2,NA,NA,0,0,0,0,0
14260_58,54,9,14,6,17,0,0,0,0,0
14270_47,43,8,11,30,8,0,0,0,0,0
14280_37_44,50,3,46,1,NA,0,0,0,0,0
14290_37_45,23,59,18,NA,NA,0,0,0,0,0
14300_46,60,19,3,14,4,0,0,0,0,0
14320_45,77,7,14,2,NA,0,0,0,0,0
14340_36,29,71,NA,NA,NA,0,0,0,0,0
14340_37_98,23,60,7,10,NA,0,0,0,0,0
14350_99,25,74,1,NA,NA,0,0,0,0,0
14360_60,54,9,14,6,17,0,0,0,0,0
14360_65_66,43,12,45,NA,NA,0,0,0,0,0
14370_36,38,38,24,NA,NA,0,0,0,0,0
14380_36,87,3,10,NA,NA,0,0,0,0,0
14390_36,100,NA,NA,NA,NA,0,0,0,0,0
14400_36,33,63,4,NA,NA,0,0,0,0,0
14420_36,4,24,72,NA,NA,0,0,0,0,0
14440_41_50_51,15,35,37,13,NA,0,0,0,0,0
14450_56,16,9,75,NA,NA,0,0,0,0,0
14460_56,26,1,50,22,1,0,0,0,0,0
14470_56,11,1,24,57,7,0,0,0,0,0
14490_58_60,18,5,46,28,3,0,0,0,0,0
14500_55_58,17,6,34,34,9,0,0,0,0,0
14510_37_98,16,10,23,48,3,0,0,0,0,0
14520_58_60,17,15,31,23,14,0,0,0,0,0
14530_55_56,17,1,36,45,1,0,0,0,0,0
14540_55_56_99,17,6,34,34,9,0,0,0,0,0
14550_46_99,18,24,7,12,39,0,0,0,0,0
14570_47_48,13,21,17,28,21,0,0,0,0,0
14570_49,17,52,31,NA,NA,0,0,0,0,0
14580_37_44_45_98,13,10,18,53,6,0,0,0,0,0
14590_58,27,71,2,NA,NA,0,0,0,0,0
14600_55_56_99,11,1,24,57,7,0,0,0,0,0
14610_46_55_56_99,13,23,3,6,55,0,0,0,0,0
14660_49,26,37,37,NA,NA,0,0,0,0,0
14660_50_51,23,23,27,27,NA,0,0,0,0,0
14670_36,13,13,74,NA,NA,0,0,0,0,0
14680_46_55_58_99,14,25,17,32,12,0,0,0,0,0
14680_60,8,16,13,52,11,0,0,0,0,0
14690_31_39_40_43,14,30,41,15,NA,0,0,0,0,0
14690_38_42_49,14,29,42,15,NA,0,0,0,0,0
14700_56,16,37,33,2,12,0,0,0,0,0
14710_32_35,30,70,NA,NA,NA,0,0,0,0,0
14710_41_50,15,23,45,17,NA,0,0,0,0,0
14710_42_43,5,23,40,32,NA,0,0,0,0,0
14710_44,5,23,40,32,NA,0,0,0,0,0
14710_47_48_53_54_57_59_60_61_63,9,25,6,12,48,0,0,0,0,0
14710_49_52,15,23,45,17,NA,0,0,0,0,0
14710_51_62,15,23,44,18,NA,0,0,0,0,0
14710_64_65,9,25,6,13,47,0,0,0,0,0
14712_44,18,27,55,NA,NA,0,0,0,0,0
14720_32_35,7,20,73,NA,NA,0,0,0,0,0
14720_44_46_47_48,17,23,13,38,9,0,0,0,0,0
14720_49,16,22,13,39,10,0,0,0,0,0
14720_53_54_57_59_60,17,23,13,38,9,0,0,0,0,0
14720_61_62_63,16,22,13,39,10,0,0,0,0,0
14720_64_65_66,16,22,13,40,9,0,0,0,0,0
14730_32_37_44,10,16,43,31,NA,0,0,0,0,0
14730_36,10,16,43,31,NA,0,0,0,0,0
14730_45_46_47_98_99,22,31,27,20,NA,0,0,0,0,0
14730_55_58_60,22,31,26,21,NA,0,0,0,0,0
14740_32_37_44_45_98,14,19,67,NA,NA,0,0,0,0,0
14740_36,40,60,NA,NA,NA,0,0,0,0,0
14740_46_47_48_55_56_58_60_99,16,23,4,24,33,0,0,0,0,0
14750_41_50_51_63_64_65_66,16,23,44,17,NA,0,0,0,0,0
14760_36,2,8,90,NA,NA,0,0,0,0,0
14770_40_41_50_51,14,16,38,23,9,0,0,0,0,0
14770_63_64_65_66,13,16,39,25,7,0,0,0,0,0
14780_56,15,35,35,15,NA,0,0,0,0,0
14790_41_42_47_48_50_51_53,24,36,40,NA,NA,0,0,0,0,0
14790_52_62,15,21,64,NA,NA,0,0,0,0,0
14790_60_61_63_64_65_66,24,36,40,NA,NA,0,0,0,0,0
14800_36_37_44,8,29,19,44,NA,0,0,0,0,0
14800_45_98,8,29,19,44,NA,0,0,0,0,0
14800_46_56_58_60_64_65_66,9,17,74,NA,NA,0,0,0,0,0
14800_47,9,17,74,NA,NA,0,0,0,0,0
14800_55_99,10,16,74,NA,NA,0,0,0,0,0
14810_41_50_51_63,14,11,21,54,NA,0,0,0,0,0
14820_30,33,67,NA,NA,NA,0,0,0,0,0
14820_39_40,40,60,NA,NA,NA,0,0,0,0,0
14830_56,93,4,2,1,NA,0,0,0,0,0
14850_55_99,11,3,30,50,6,0,0,0,0,0
14860_36,46,51,3,NA,NA,0,0,0,0,0
14880_38_42_43,100,NA,NA,NA,NA,0,0,0,0,0
14890_55_56_99,19,70,8,2,1,0,0,0,0,0
14900_36,8,92,NA,NA,NA,0,0,0,0,0
14900_37_98,72,28,NA,NA,NA,0,0,0,0,0
14900_55_56_58_99,57,26,6,11,NA,0,0,0,0,0
14900_60,57,26,6,11,NA,0,0,0,0,0
14900_65_66,11,16,73,NA,NA,0,0,0,0,0
14920_41_50_51_52_63,22,22,56,NA,NA,0,0,0,0,0
14930_41_42_44_50,8,60,28,4,NA,0,0,0,0,0
14930_52_62,8,59,30,3,NA,0,0,0,0,0
14940_41_50_51,8,56,31,5,NA,0,0,0,0,0
14940_63_65_66,47,29,11,13,NA,0,0,0,0,0
14940_64,47,29,11,13,NA,0,0,0,0,0
14950_20,33,67,NA,NA,NA,0,0,0,0,0
14950_27_33,20,80,NA,NA,NA,0,0,0,0,0
14950_30,33,67,NA,NA,NA,0,0,0,0,0
14950_31_39_40,47,53,NA,NA,NA,0,0,0,0,0
14950_35,100,NA,NA,NA,NA,0,0,0,0,0
14950_36,100,NA,NA,NA,NA,0,0,0,0,0
14950_38,47,53,NA,NA,NA,0,0,0,0,0
14951_26_34,100,NA,NA,NA,NA,0,0,0,0,0
14952_34,96,4,NA,NA,NA,0,0,0,0,0
15010_58_60,8,33,16,26,17,0,0,0,0,0
15030_25_27,56,42,2,NA,NA,0,0,0,0,0
15030_26,56,42,2,NA,NA,0,0,0,0,0
15040_25_27,95,5,NA,NA,NA,0,0,0,0,0
15040_32_35,100,NA,NA,NA,NA,0,0,0,0,0
15041_26_34,100,NA,NA,NA,NA,0,0,0,0,0
15042_26_34,66,7,27,NA,NA,0,0,0,0,0
15060_37_44,3,15,51,31,NA,0,0,0,0,0
15070_44,15,3,37,43,2,0,0,0,0,0
15090_45_47,10,19,16,55,NA,0,0,0,0,0
15100_45,13,10,31,40,6,0,0,0,0,0
15130_45,3,12,53,32,NA,0,0,0,0,0
15170_42_49_50,32,9,39,9,11,0,0,0,0,0
15180_43_47_49_52_62_63_64_65,11,16,73,NA,NA,0,0,0,0,0
15190_32_35_36_37,14,6,4,58,18,0,0,0,0,0
15230_32_35,2,6,10,13,69,0,0,0,0,0
15240_35,7,15,78,NA,NA,0,0,0,0,0
15250_35,35,65,NA,NA,NA,0,0,0,0,0
15260_64_65_66,14,11,21,54,NA,0,0,0,0,0
18040_79,16,84,NA,NA,NA,0,0,0,0,0
18060_79,100,NA,NA,NA,NA,0,0,0,0,0
18080_79,5,10,16,60,9,0,0,0,0,0
18090_79,5,5,9,74,7,0,0,0,0,0
18100_79,8,7,13,66,6,0,0,0,0,0
18110_79,8,16,76,NA,NA,0,0,0,0,0
18130_79,3,21,16,35,25,0,0,0,0,0
18140_79,2,15,12,13,58,0,0,0,0,0
18151_79,9,11,50,30,NA,0,0,0,0,0
18160_79,2,14,12,12,60,0,0,0,0,0
18170_79,3,11,35,51,NA,0,0,0,0,0
18180_79,2,16,82,NA,NA,0,0,0,0,0
18190_79,5,95,NA,NA,NA,0,0,0,0,0
18200_79,17,83,NA,NA,NA,0,0,0,0,0
18210_79,8,2,6,14,70,0,0,0,0,0
18220_79,3,97,NA,NA,NA,0,0,0,0,0
18230_79,3,97,NA,NA,NA,0,0,0,0,0
18240_79,9,91,NA,NA,NA,0,0,0,0,0
18250_79,5,95,NA,NA,NA,0,0,0,0,0
18260_79,8,34,58,NA,NA,0,0,0,0,0
18270_79,5,15,80,NA,NA,0,0,0,0,0
18280_79,2,8,90,NA,NA,0,0,0,0,0
